{"cameraMode":{"drawMode":0,"name":"Shaded","section":"Shading Mode"},"sceneLighting":true,"audioPlay":false,"sceneViewState":{"showFog":true,"showMaterialUpdate":false,"showSkybox":false,"showFlares":true,"showImageEffects":true,"showParticleSystems":true},"in2DMode":false,"pivot":{"x":8.220001220703125,"y":8.43841552734375,"z":6.229999542236328},"rotation":{"x":0.3393152952194214,"y":0.055583033710718158,"z":-0.020058484748005868,"w":0.9388404488563538},"size":25.356739044189454,"orthographic":false}