{"cameraMode":{"drawMode":0,"name":"Shaded","section":"Shading Mode"},"sceneLighting":true,"audioPlay":false,"sceneViewState":{"showFog":true,"showMaterialUpdate":false,"showSkybox":true,"showFlares":true,"showImageEffects":true,"showParticleSystems":true},"in2DMode":false,"pivot":{"x":1.2059004306793213,"y":10.19287109375,"z":7.058347225189209},"rotation":{"x":0.13967986404895783,"y":-0.8017839193344116,"z":0.20519573986530305,"w":0.5439002513885498},"size":3.198566198348999,"orthographic":false}