{"cameraMode":{"drawMode":0,"name":"Shaded","section":"Shading Mode"},"sceneLighting":true,"audioPlay":false,"sceneViewState":{"showFog":true,"showMaterialUpdate":false,"showSkybox":true,"showFlares":true,"showImageEffects":true,"showParticleSystems":true},"in2DMode":false,"pivot":{"x":5.334934711456299,"y":3.786410093307495,"z":5.414683818817139},"rotation":{"x":0.3087293207645416,"y":-0.09078088402748108,"z":0.02963348478078842,"w":0.9464710354804993},"size":9.065339088439942,"orthographic":false}